{"cameraMode":{"drawMode":0,"name":"Shaded","section":"Shading Mode"},"sceneLighting":true,"audioPlay":false,"sceneViewState":{"showFog":true,"showMaterialUpdate":true,"showSkybox":true,"showFlares":true,"showImageEffects":true,"showParticleSystems":true},"in2DMode":false,"pivot":{"x":305.0692138671875,"y":35.75688934326172,"z":497.6064758300781},"rotation":{"x":0.0799015536904335,"y":-0.6463350653648377,"z":0.06830908358097077,"w":0.7558481693267822},"size":36.585506439208987,"orthographic":false}